HU1,HU2,HU3,HU4,HU5,HU6,HU7
2.7412866613260403,6.180302496699693,10.087674081212025,10.33358035498277,20.60788893497141,13.543023835827144,-20.841641654958675
2.683979229978085,6.044008590809872,9.83027771826711,9.835063631241319,19.67831260298066,12.862175661919844,-20.32917126323017
2.6697757788429533,5.638486071844874,9.114088011543629,9.34760524010153,18.58545625756462,12.199914585680023,19.327636595099026
2.7024729499566185,5.6740333667090725,9.409941227393634,9.592059067801149,19.094500165093834,12.437496514057793,20.182832039897157
2.7486464268252164,5.770858798957079,9.620866547085338,9.91505782295644,19.701725899682327,12.822627205867125,20.224693766396943
2.7791120581773003,5.8788219089123706,9.695567649668595,9.79707171825004,19.54800326787033,12.769586693596494,20.382132087552844
2.718746741857247,5.669250121714397,9.679432679326382,10.101462771888336,19.992173105507828,12.952229576638784,-21.450764959976766
2.788142906399059,6.26216537184934,10.547948879646954,10.568560944804014,21.152141551456854,13.764032560977162,-21.60595212335355
2.7189894139255935,6.08908779624104,10.15278575640082,10.712504893329209,21.145595480221225,13.757115938056854,-22.489442139459104
2.7753344756214964,5.869199281035475,9.7331836423696,10.139555653718578,20.08361241128166,13.077945711222082,-20.805253141554523
2.7168643488700375,5.639382894400825,9.28801586934622,9.745522293125058,19.297465487574883,12.743173550266107,-19.674906662095847
2.7659225292457235,5.826740947378882,10.050204130121895,10.939558961367604,21.515416254140714,13.90974484320818,21.687871327040437
2.7774493239771383,6.263811565648298,10.310985847570942,10.265825602214996,20.672776716803405,13.518941262815279,-20.742248990151907
2.7262742536906743,5.745500694733063,10.092982278943943,10.848987264844093,21.36135244842395,13.793607290348117,-21.700313529154794
2.748494037048061,5.760817857822515,9.682671267028706,10.349745892662249,20.465388475484872,13.451181580447212,20.58338731267145
2.7074140171407164,6.045036818846362,11.332532653072482,10.459479587390998,-21.563642986670274,13.482105444549777,21.460494311364233
2.782381380500232,5.875958834475403,10.24360199906328,11.061351025199402,21.71584406311612,13.999330884435214,22.73091028791959
2.78684091019557,5.884325378831939,10.282752147868703,11.219908628003125,22.23100922362229,14.35021762759382,22.049409298832515
2.773274856315462,6.262072617042765,10.276082013586436,10.257722389843792,20.65965714417562,13.528036648191533,-20.69181125494917
2.719021247108439,5.722949211080971,10.20199586415184,11.163483140899546,21.958371362912004,14.167301141736354,-22.043368977813724
2.756028978926411,5.83797743861554,9.902684831070948,10.377854333961254,20.519291012737334,13.300292751283115,21.653531022389345
2.7348229012610115,5.754888860488837,9.651721341413445,10.075576017172223,19.94891348503755,13.003856957165533,20.61929349694766
2.7129361529578957,6.053314950346657,10.658948715912375,10.888194729171861,-21.835318208902635,13.917786494392521,21.79145590819319
2.727453775333289,5.70113344375286,9.328049363699451,10.379876000041072,-20.378777450908704,-13.339702351627942,-20.39007688583979
2.7667381474957367,5.864009074092652,9.863372233386027,10.400365102210639,20.532340449299767,13.333401013385014,22.18662420537382
2.6864783333400455,6.043784130087093,10.603990227161173,10.763751395443617,-22.03968277286093,13.88211368590145,-21.462319857947445
2.7695027038751663,6.240904143235399,10.296014487227747,10.390480011082916,20.898524844320008,13.623150806327162,20.87084139490552
2.7599888692556123,5.829100366498602,10.06785875089688,10.808700341019975,21.247429622623514,13.723863305543974,22.589103218704775
2.7324542414385546,5.743066290769488,9.689378321105757,10.108768683466897,20.01682956280632,13.032027447230536,20.703881052285976
2.7264077816984464,5.722724983462007,9.524514537460131,9.805802045661059,19.47257096340835,12.667167323268119,20.53664493242904
2.7899296429851006,5.909621192301678,9.939963058516764,10.479269635801874,20.690009496349397,13.434519674332062,-21.832535529263453
2.7325220390807052,6.160209044831488,10.145792421148949,10.634014673373827,21.02842490019939,13.731876328154726,21.867616481203505
2.7389334713736404,5.758842017519689,9.650290028022122,10.123030836917229,20.035111003200598,13.087489536178403,20.48806882195257
2.793050248149591,6.299215782570367,10.551809310804531,10.41279687970076,20.911212268231225,13.566948442841817,21.46790478877493
2.726180486768828,5.6964458371367535,9.359202131129978,10.332295115779738,-20.677536021349542,-13.486253392817126,-20.20097897096147
2.7482895410543007,5.77956583547685,9.657298135235969,9.971844500507805,19.788441497133963,12.865342047406264,20.80251974163592
2.7775899051556885,5.842451870181428,10.092656675119951,10.864639067528412,21.36724076181607,13.84664446202065,21.83384350239131
2.723443271464132,6.110501107740135,10.583716326358273,10.901159757141489,-21.966201097780175,14.08336143681559,-21.6993274215904
2.816165480522396,6.4029102239459545,10.426005896701248,10.495198507058285,21.159424999170906,13.958963322168639,-21.063676740161625
2.765832938835829,5.804488618389116,9.68723708153521,9.990444836737229,19.830884865468207,12.897614129959857,-20.896528315074217
2.7427076072220897,5.76142761253447,9.578861350326967,10.162080600836607,20.16042585836946,13.334392170443541,20.208345665174566
2.7574846903867787,5.8482320257616545,9.89668303518708,10.827025379162315,-21.242985214966442,-13.804616064351595,21.51712690586815
2.814529429717374,5.942520100074062,10.047392039986958,10.577593246772928,20.897425162314295,13.54886157102011,-21.62929585199111
2.8139757186244063,6.380518863935776,10.330309498755176,10.407705511541263,20.97348232955066,13.831807872718498,-20.889117008211944
2.7882154911130037,5.900342975678687,9.945353758445567,10.322646386583687,20.462569154242086,13.310293330657963,21.241718544143517
2.800074954091867,5.8822288119154065,9.746684951432623,10.061023973984332,19.96928249753135,13.011717453373205,-20.81352724836145
2.8014393240339146,5.9047936203054645,9.842706178411943,10.161133495448542,20.16307126563888,13.11612832025255,22.204609833121697
2.7885469928312223,5.968555832786741,10.496928036971982,11.171103679327608,22.922254083259755,14.78187140722205,22.00832348379591
2.7928569067264433,5.894340513130744,10.006328376233814,10.604389424827973,20.910893760750042,13.556535786261007,-22.04921265030386
2.806083219647324,6.363397750561844,10.264555453831978,10.42937621707624,20.974304029583596,13.834324343070314,-20.887941054616395
2.744797658284142,5.743778490211971,9.841752508110623,10.18801718892875,20.21049201710544,13.062050730747474,20.934942825363382
2.769478330775478,5.844361480734107,10.057298140374177,10.893742384348837,21.370102448880814,13.821450569364684,22.575971073915927
2.7303391188723096,6.125259209543418,10.3598727470091,11.259841690594397,22.47186280413733,14.604161816140937,22.106763949315134
2.7716297613130654,5.81289958157054,9.674989512387906,9.969369531291662,19.79186089251766,12.875959429959108,-21.21311662850094
2.7909927493402233,5.8883175911908205,10.017387699849746,10.675675270419807,21.022525259869557,13.627961281285968,22.43918548588356
2.736726289941462,6.160490609726861,10.770228576061074,10.590721771541247,-21.861644908576615,13.738575916091367,21.286007974487347
2.799569353590712,6.339622222139491,10.764828446037376,13.185616382440152,25.417005020571757,16.56910031108685,-25.240589495526603
2.744160735243392,5.7638678845641635,9.623179694785682,10.15127612155391,20.114070827108517,13.179116983948319,-20.30440446941419
2.7524750996866265,5.77962104554941,9.741378750715072,10.19790425856768,20.169666873310593,13.108187492459383,-21.173701006657694
2.717665888033936,5.762892967929084,9.76146530470863,10.347501548466774,20.65001472761397,13.687915139806206,-20.485446516071864
2.4572675570072864,6.585822297265574,11.20562516562102,9.21497791187549,19.706399278327073,12.594860582918395,-19.49481298617409
2.6025207050670325,6.96352428746574,10.170853719928036,8.938057984629527,-18.806813158853615,-12.431403774424403,18.550734367960306
2.3502252915907094,7.036865833317537,9.795716928570405,9.18505771666656,-18.82366963160521,-12.710592806876758,-18.828274858920178
2.468828659111334,6.227636010454452,9.00598448348921,8.442497107354466,17.28874956843991,12.333268764198879,17.350071174096268
2.5241389522268682,7.851611753310907,9.784154016265783,8.926559664999965,-18.29350330045315,14.055455146949008,-18.92407964231041
2.603491626750034,6.663160156713444,9.555748632466724,9.196505405492932,-18.627386822539883,-12.53160265315152,18.89860231035689
2.5987589621534135,7.505456119660294,10.956370627356199,9.487148476614946,-19.787165272749416,-14.071580441682523,-19.96847767914762
2.5751484475458133,7.181058284271243,10.970146372309966,9.576404385055026,-19.95975550259799,-13.211425166687185,-20.049928973145686
2.6019663728051006,7.866925123398134,10.419077538008052,9.623974520661157,-19.671546427074723,13.736704615748192,20.11890099819553
2.649033835454585,6.678640058636861,10.213078308748672,9.60853799974909,-19.75359646662593,-13.060762043808822,19.609579455823138
2.5866013195302497,7.197222474268251,10.579126950987089,9.690320022860718,-19.941103447825373,-13.301445081674752,20.016530960151982
2.630957015919659,7.039019931336967,10.484229326507043,9.343963512554476,-19.365126177231073,-12.865091887589893,-19.462948786312023
2.58156137600625,7.883152854257341,10.166607669505526,9.731977319798501,-19.725299450681348,13.785965606432455,-20.049417384738756
2.6171887491527457,6.548243674284105,10.175940801088316,9.700176857131288,-20.139563449897945,-13.163999052547952,19.66096740213567
2.662205865255401,6.99576911491356,9.962651747435608,9.776446704680852,-19.682937015257842,-13.292467526289059,-20.048827022579044
2.582118974901585,7.219589290983804,10.469019628855923,9.632085823988291,-19.721531239458265,-13.310568879657618,20.075237895842715
2.593154645476556,6.85367483568619,10.25894105147331,9.38756235449519,-19.530196205134953,-12.826896256096727,-19.267495248810505
2.5917356146025865,8.11790101071428,10.224114825410435,9.72185849074114,-20.185399174514743,14.137254683664267,-19.71879926775998
2.5897928442677003,6.835976339679193,11.218941973573981,9.355327905502987,-19.662269236486683,-12.838870589398372,-20.172265250765637
2.6867320059466193,6.929084501496968,10.287602487620292,10.254471687240898,-20.608491758516518,-13.788574953195496,-20.77456317155621
2.6322399290077576,7.189226371198407,10.36981665377998,9.872084010049477,-19.996861205824164,-13.521995564041038,20.871900615355294
2.6403911348388154,7.757803118089526,10.85645146162993,9.805610050276444,-20.152403681813468,13.690691762346603,20.71403400348218
2.5735418814482798,6.8025288208512595,11.034517426352808,9.951664350338234,21.15128653571383,-15.378407108317171,-20.453310210979623
2.632303645302582,7.143018623821135,10.267397661364354,9.709550515372992,19.819485212462094,13.551595443714085,19.882090908338913
2.5639339994461454,9.06757325716529,10.817676367018683,10.01009140230269,-20.566587906959217,-15.27424578047278,-20.582691140679056
2.5092284699106617,6.838579355997687,10.684583537442151,10.016508535118081,-20.367172365104643,-13.665392432401706,-21.999929579742698
2.534166795166203,7.063604345413383,10.644100394334188,9.365501738089097,19.408530757187535,12.94941900301458,19.766323077942342
2.5901360327823877,6.675618636895671,10.251681967651246,9.926343489844202,20.246921121153004,-13.36154571441776,20.106986083582477
2.5311689466313547,7.159854038177333,10.539226303164089,10.182521928801826,-21.947421270193935,-14.636375041001052,20.543734142252827
2.5777264846316528,7.543766007490294,11.521983636309292,9.819995460994772,20.556739073174395,13.597824997864066,-20.782448912967837
2.5350118546637743,7.107812493748538,9.97565711537917,9.508071402609769,19.253856778495614,13.392254289644937,20.123565533093444
2.5931250574345577,7.468739086670308,11.164933267440698,9.621074696613508,20.094692947406067,13.61852054716209,-20.26831146387232
2.5375367323903095,7.049475734728745,10.29446807883815,10.04957046816289,-20.33261677505189,13.776359875411446,-20.420405849070836
2.541200676502924,6.604074450103875,10.656382513115437,10.138894497963069,-21.186493909458566,-13.442317574704857,20.5477004027904
2.575272880698759,8.098022384542364,10.620249747954814,9.846340202776625,20.098248646406706,14.011780794146079,-20.62233894288613
2.545515383064774,6.7398519269489565,10.063433557533084,9.684363116602874,-19.86107454109856,-13.536089568926455,19.620139697000145
2.515894574541864,7.0194002426180475,10.679651047583864,10.151316639891059,-20.63431119297699,14.07639191391242,-20.853372823636956
2.5693168706508263,6.752539443867063,10.262258619005568,9.573638731054324,19.50601951300909,13.079504805296317,-20.087475783629646
2.6695227504197874,5.724310898476376,8.477664069527888,9.266133388248678,18.138885038369203,12.130058810123368,19.341381133142615
2.742358420144087,5.929806693551653,8.481097665263443,9.168949795860872,17.996971390390748,12.135341511175003,18.925441930628406
2.8024871137846707,6.084927074394831,8.658062629629942,9.407261207539356,18.439946617668056,12.451177485680022,20.42285624810942
2.7296974308575503,5.7425257451710205,8.817656853106827,9.188288501162729,18.191269006342953,12.05955970002867,20.412815580970687
2.7404008094673724,5.8889740044479595,8.577654516753618,9.02641652176707,17.829014351776703,11.971719429544699,-19.122122100706758
2.716671013915977,5.904484521910763,8.421397025043488,9.022357572490288,17.746508661071108,11.979814455558936,-18.735372773624647
2.6967491932387393,5.7885250894653,8.580269913569705,9.427025818141704,18.433239346506067,12.32207164283988,19.39573264598058
2.6962631652494955,5.889750976576047,8.312415433992431,9.032360869675776,17.70789146459307,11.982600225861653,18.626061795864015
2.7384412208988107,5.781641491958323,8.688416488157491,9.034052670018896,17.90414316541735,11.935161086062145,-18.594460564632737
2.7976034463552417,6.108725373108692,8.634073826978987,9.402197827158282,18.4318920559288,12.475161509783932,19.063015486742906
2.750671247865889,5.897341649349304,8.664662443552158,9.164755073132303,18.083588376004677,12.118086878660305,-18.942211998908675
2.7214892544792995,5.901799022518288,8.457181401354484,9.069599009821635,17.83491898400537,12.024393253061548,-18.859577925666375
2.6826298880444504,5.75472568096165,8.541081588938784,9.374218058828975,18.33572686616259,12.252032289854716,19.208935216807998
2.7045584737389907,5.874589500226911,8.364663660940733,9.082855265459097,17.812479734566583,12.028454903276552,18.5937835621055
2.751140137568016,5.815361260589268,8.772976788733473,9.142687913437484,18.101755845480103,12.053255125363107,-19.223579316729044
2.8176549355749376,6.1466830682214795,8.67783533067274,9.409317656711945,18.46779782006484,12.505935699774716,-19.04203391606223
2.7442758076981844,5.904617636705581,8.64108468397148,9.190026806271636,18.10626541507999,12.142990103921477,19.357134042332184
2.744271624763279,5.970017478922241,8.546593643124131,9.182906603512606,18.047944866569082,12.168642733529566,-19.48637636003457
2.696399982713009,5.78833919723856,8.582705665986675,9.45305814509842,18.4727876029605,12.348262657948004,19.50694195677955
2.7052853905465004,5.838637386267199,8.422673457757899,9.174719912269225,17.97601182771602,12.095488659436585,18.936002115271208
2.7411369322230352,5.775046103940339,8.81376045891849,9.16804458086934,18.15931662028838,12.056719848149728,-19.54369029658404
2.801460593764779,6.0739427833629,8.692874754955426,9.539964093001062,18.68001110706773,12.608347665143063,-19.149757645864028
2.7372991043266293,5.844149439723564,8.66823074573479,9.16046153355931,18.07698556906088,12.083299645426038,-19.07525431468516
2.7350914363570693,5.93756251706905,8.469031633361958,9.068166665313283,17.839584601909035,12.043808950705266,-18.781519691653244
2.6941603758409887,5.8306434026857366,8.36157997974533,9.088094902522426,17.813950514821432,12.004145212517313,18.97790799136698
2.6815031721834757,5.747914220471926,8.55633523935983,9.421019895458935,18.413178130501972,12.295620793271816,19.308981352443112
2.7350884361805323,5.791369333536561,8.650101035024864,8.941913801694987,17.74047084683623,11.841096794592728,-18.70433363775449
2.7321857733927897,5.863381599371995,8.587922549743569,9.034158503697745,17.845845554826248,11.967367574405252,-19.108606907643605
2.8069538510523824,6.09834225351625,8.701564992582139,9.499811954025454,18.608059254082914,12.56763781164778,-19.333418839516682
2.7457962950319508,5.949622689952129,8.516947498843006,9.10598466023488,17.91922359039164,12.085469371649394,-18.962377648290595
2.713401200967063,5.817855820386488,8.5969321274266,9.296210638727224,18.242901486978745,12.20888275700041,19.872598248373986
2.7153986984119296,5.843004307362449,8.517639676031468,8.970508829664302,17.716556591014648,11.894939110243214,-18.736326746349814
2.7339111525980044,5.752619869350853,8.698108283706892,9.04020149385533,17.912931216830536,11.923793422644485,18.802890553708103
2.6923144404544126,5.7939765119994995,8.417449543886946,9.215382578199817,18.034837862389857,12.114449370404092,18.960312342177982
2.813605565661273,6.098977980355124,8.727892468933085,9.520189331515319,18.65648012798841,12.592542543726125,-19.274637339408667
2.713071799908565,5.829384757353661,8.601570822171317,9.332993515731946,18.300716978954377,12.25096845796202,19.646509307690152
2.7216685262106535,5.863497912048661,8.514098173062289,8.961657614114076,17.701538066167064,11.897057409663741,-18.71812057316373
2.7410583993744426,5.775902004574436,8.682421759602539,9.014730150610923,17.866555691299382,11.909354085333927,18.777392040533368
2.7690166544323898,6.026636022991567,8.55360897592228,9.323057476875723,18.266383120998395,12.346842908927783,-19.08310382930333
2.71691187566374,5.855090540566287,8.461742260633406,9.201958096670621,18.040836195892823,12.134257364715811,18.782276493912814
2.7285657157840775,5.962918385322365,8.455631753440912,8.993316916960095,17.726550356428472,11.98374817734985,18.4193033926575
2.7353050529012086,5.876022325498571,8.660616655216558,9.368308505669486,18.383199341205113,12.309481536039286,19.73551106824001
2.757035803423393,5.953865704519228,8.565655111004807,8.99450411645035,17.776701048355978,11.975131407621081,-18.78112562380721
2.8130917008519765,6.103354430969205,8.699795671925354,9.49306414779888,18.609565245548755,12.575655090243949,-19.11654297652212
2.796262069133385,6.059867808930791,8.595444121302979,9.263675071085482,18.193399858530185,12.294215174628416,-19.75270089512005
2.726627701882416,5.758295056928672,8.75825623606521,9.117996704937957,18.05616578516397,11.99723869680575,19.90976727502094
2.738757104039456,6.014068099312578,8.433749045762493,8.936096051432806,17.626654881660816,11.948964382845638,18.416711460277515
2.7303005022009064,5.853902684922949,8.644820642775016,9.368128525947622,18.374712745333944,12.298583547448272,20.023060423341406
2.747167489626219,5.923642038448649,8.55047902738184,8.97788542032556,17.743975025514516,11.943226066458262,-18.771179030320848
2.810035881939885,6.091778958868518,8.719526930145337,9.52604142765718,18.676704400511223,12.6002464917565,-19.108356054817698
2.7062032533402363,5.689112682137182,8.760178951789888,9.133345409441667,18.084430278726302,11.982503573909122,-18.932765527954913
2.7570534535262525,5.974104711422104,8.502544706280716,9.211179433371656,18.068052009614927,12.19825990486509,-20.225696595458697
2.725826442218847,6.016217054591982,8.422922069032033,8.988486980193539,17.70231261777599,12.00552298043415,18.411808788240506
2.741953311859181,5.884607405630591,8.589091295219776,9.073998366361915,17.910461175584082,12.02343945811144,-18.73048139338284
2.685179575423623,5.760888308713938,8.485817769605847,9.189027641121207,18.02686317117333,12.070713295538722,19.3871510529607
2.7870558879836094,6.035562400029483,8.605948889162203,9.26480866153353,18.201905633186094,12.286599206260401,-19.251886736044018
2.7688886005344693,5.992018709225687,8.529816120654997,9.216849354435592,18.09025715774483,12.213131057253612,-19.820875827219417
2.6847945836134723,5.645301964363096,8.698270392560966,9.083148354752536,17.979854835887615,11.912211227043903,-18.756255622813708
2.719402925890363,5.884639428851328,8.549293899863036,9.236603416181667,18.143324913366,12.19179495715441,18.735267516567692
2.762485119812574,5.949499559560498,8.590475964438992,9.008175642452942,17.808754741215285,11.987300842425627,-18.927478241630087
2.7347672510370056,5.885296525046056,8.62437353428619,9.281947690440393,18.23618118744291,12.225624807868224,19.388745168357502
2.7991053166269415,6.090513187805655,8.654876236467391,9.381175896770596,18.401419177231492,12.436753276306517,-19.395782994231595
2.691731884193332,5.670963015449578,8.648463832228966,9.014935881278994,17.85182075202874,11.8561151291734,-18.66022527774156
2.7762834774847116,6.004373620155999,8.54259649894074,9.22386119102971,18.10732307207237,12.227427162703506,-19.5918721393576
2.718559402870752,5.953392940768044,8.426040244430695,9.00930759103399,17.730019070889764,11.98700604446457,18.65561309280693
2.703939108969701,5.790888791528096,8.550317873323419,9.168968025839327,18.041267272745728,12.065198760698154,18.652132212324734
2.775231869426849,5.989362470817127,8.616205391925373,9.042071392976343,17.87210247238601,12.040376659270624,-19.064683538691817
2.6902515085740846,5.686821135259522,8.513908151340653,8.801651336423236,17.461644194301336,11.647641372362699,-18.456411962933863
2.7956472424229286,6.064176874304575,8.684472502610587,9.47979701287864,18.570969109428017,12.532807495684668,-19.256791644368345
2.726758236316595,5.927838155097609,8.48639389583717,9.094537303718877,17.88502390163977,12.05848121425405,-19.892300117128578
2.772221818815551,5.974622912012166,8.643846014062515,9.507049151538006,18.58630860012828,12.498099562328575,19.462208236256174
2.6697108740458613,5.6091447150736435,8.647159615916637,9.018514010513977,17.86066289756427,11.834095613818302,-18.539844174308584
2.766063307369012,5.966570903911888,8.595864620851744,9.016895668871921,17.82419374784764,12.004041367875407,-19.010706021841127
2.808467725816706,6.083655019478072,8.716694468596812,9.520414456029163,18.66443422108704,12.601777779162814,-19.116979887944755
2.731871955820897,5.901958781658331,8.579336462316537,9.189288400217809,18.079957953429513,12.140299094593274,18.843518524650683
2.712474637602393,5.910004702172364,8.451170117532989,9.066400859085952,17.827650045698245,12.022343592678638,18.799000427510627
2.7568462069879858,5.9467381500494865,8.59307837255338,9.459916210845272,18.48994832789852,12.436693177305942,19.38237169480154
2.712754831436644,6.001547549413924,8.391480982921482,9.34910579021895,18.252552371409,12.40631706392248,18.643879377137257
2.7111365740266686,5.694390499689064,8.696649386035233,9.132561983265873,18.04736734715801,11.983573762816665,19.565478198464724
2.740855386344347,5.885118512967038,8.490877775994218,8.972912331182142,17.705127253566836,11.915891508139525,-19.120858519187042
2.7493584495786614,6.588536374179725,8.36424863502595,9.763396952594258,18.891552924044476,13.100091448029074,-19.122752417996644
2.768272602252791,6.274822543398516,8.441809629378609,9.934427689590265,19.125381318111902,13.072309348408622,-20.066065289246627
2.763227862529308,5.750174906628368,9.424867887837843,9.980324588797732,19.730790946973634,12.945808168707778,20.034761258267384
2.74256088872344,6.076153298131948,8.46875350167572,9.393909066756414,18.35430640552859,12.480436277358532,18.77629540927116
2.7374621682408367,5.763062501626854,8.71984211193531,9.144997321960522,18.077554028048066,12.029670461805052,19.677519618667663
2.773708003746288,5.960471099512379,8.607497124922943,9.117469874801923,17.980785216422497,12.097902982156693,19.188725961590343
2.8035522182043104,6.4193482811945195,8.500816711543752,9.842012634281367,19.013434267356388,13.057213544364222,-21.26049825667041
2.8293650955788054,6.56468530376453,8.678609236786498,9.84200491314976,19.120697106238783,13.128574907507193,-19.647583638075453
2.800548598523126,5.827593077577632,9.411870753836617,9.814851165079162,19.44251208308563,12.769195092828406,20.026032636019433
2.7092273323777496,5.999891261866148,8.371326972275142,9.327283442958912,18.20702506845491,12.380879481975958,18.61830952247864
2.6795839241754438,5.6241899501866595,8.647563835608121,9.11256542198135,17.992632590938882,11.926634975249286,20.458577703019394
2.7623804037621347,6.260427291159691,8.427741709911917,9.79413583996529,18.929951167558826,12.941280400953902,-19.387876218924394
2.7519040248988564,5.915488079001932,8.568396928184601,9.159647019702499,18.029956343262164,12.123250753126456,18.7959484358187
2.7770617888994575,6.524687052030398,8.493881377491642,9.846777912474433,19.01730619179383,13.112476859436585,20.53655686301095
2.717021579368437,5.6533790494243865,9.182702029847704,9.474729641788509,18.803624653514408,12.304654472866302,20.345272410467892
2.7057188136102015,6.040101179229854,8.341134069398088,9.33183577657602,18.223379627888747,12.421201493168365,18.493232068087547
2.6671830706890187,5.605711630984384,8.558253645920708,8.98976581437978,17.76392078642628,11.793419482157022,19.35117936407078
2.743947244556271,5.965366226573569,8.445583721334327,8.962465171527077,17.671680317264478,11.948425165460135,18.479844019878293
2.78858578174756,6.3074025784309224,8.50800531771781,9.866302386563948,19.056440945319075,13.023131499014479,-19.985873216454838
2.793966766046356,6.726929571439643,8.500602028688482,10.042085814552856,19.32654832700954,13.409344924256324,19.929389574604308
2.7134809487925846,5.645739954984852,9.1767186931662,9.473368483857815,18.798806083724767,12.300254570871289,20.169231837145592
2.715691195506728,6.057293601937599,8.372992978666167,9.356417391403069,18.27088943987675,12.449045717439429,18.565437996559233
2.6769987933346444,5.624195999469346,8.612322250941173,9.06729411421714,17.907145915265286,11.880623671077048,19.75566605460837
2.750956968653327,5.974260257741445,8.479665748448806,9.014319693291707,17.766943454920572,12.00445892145098,18.557204672645597
2.7903755205304916,6.36774226324631,8.490178415963424,10.053365405290624,19.346224028646624,13.237671119497922,19.841968075765067
2.750122640096229,5.724403609117386,9.18866434265421,9.601235908222934,19.0138840206506,12.507875824551302,19.54939015148884
2.809628869449146,6.480340867617358,8.605656964454447,9.898815409404282,19.15513119466545,13.139123028398783,-20.01615665704803
2.7425419300268787,6.186384270525836,8.398174640123548,9.488432377455574,18.499139558088398,12.690919075929353,18.718602031843123
2.718207470396789,5.836703504805118,8.443626161574839,8.94743697326188,17.642989145476328,11.865789063467249,19.654371840321588
2.763241008023309,6.250196036455506,8.413845320670045,9.871196666620216,19.01827294440502,12.999346105664598,-19.85511074267859
2.7477381448547478,5.79377102635563,8.791513067282605,9.376781717546901,18.463755499454482,12.27547051937189,19.40510192471805
2.8008054987411035,6.726288282805411,8.514537497851677,10.208544195069985,19.592380217176544,13.59764888709286,-20.075408966708764
2.714161638184123,5.654190475304036,9.079570231997005,9.399964029649265,18.64015919764929,12.227855185078166,-19.99258155621591
2.721753761204428,6.135521844391484,8.340485898654078,9.441976784944881,18.409594932181378,12.63319561658725,18.597151044401492
2.7158158540423565,5.832040130078843,8.44555967279882,8.961362078419128,17.664875851011523,11.877386059350396,19.471511106791393
2.7931184634041144,6.446011478101648,8.466111930283256,10.102359864491673,19.392370228720164,13.345892401543638,-20.177097809038752
2.741570179222054,5.751879210064222,8.861708645720975,9.327744425996798,18.422732038412054,12.207330949638038,19.882594707040976
2.7211601937744456,5.6680866699948815,9.278893332608567,9.780135330743192,19.31785508807098,12.63292884305797,20.0250660566063
2.7671458332584034,6.6032982030544085,8.410439311305431,9.788229526977089,18.89628292791268,13.11232332942063,19.5900531226118
2.7419523151337724,6.189160824697704,8.393880332058824,9.458021999629864,18.448945692310335,12.66048039410963,18.677662294912476
2.7300914254480464,5.8689664240423385,8.47677921017069,8.977765101449078,17.71163537957256,11.92072809678634,-18.466994941630848
2.715634990296243,5.649811474103465,9.176502194151867,9.559569967352093,18.929410450249215,12.384475897059094,19.968718114886954
2.802578819591609,6.465945255108579,8.486564561850267,9.976202686561004,19.209304024228835,13.209674657361235,20.259346399484617
2.7300111147298853,5.727560184426192,8.817845561030609,9.260016635802012,18.299512280628722,12.126435190449888,19.591757278917644
2.775559931995225,6.820417144186503,8.468994240838205,9.85458119520499,19.032387001882885,13.272165973376588,19.59040053813372
2.7429956845053485,5.9537983625989,8.4452048628182,8.936677111018067,17.62901680420134,11.915851326017046,18.723830973396066
2.705779170062565,6.217214667384852,8.230111777884431,9.605874357778548,18.67687127760886,12.889455375521898,18.671921772569124
2.7310784583898515,5.683044988016884,9.262350639543296,9.632891687003944,19.080516697638632,12.478355901701962,21.45631045882411
2.821702645293036,6.522177908228844,8.537129790580908,9.98860068140721,19.25245395219833,13.250924901348434,20.422950785280833
2.7498123290246896,5.776134661809317,8.834759919696056,9.2647904979748,18.31504553113376,12.1555014030228,19.64264160276678
2.796367810450514,6.793197510481224,8.541255312591977,9.819078651295298,19.00347653083371,13.215977786023105,19.856518548213554
2.513351107596089,5.101597581813031,9.395004382156928,9.51509389887085,18.97014596052151,12.069038712554958,21.405745711756165
2.497974790526154,5.055507885461405,13.376964528572769,10.8912753986969,24.12704164819912,13.420201971358864,23.02675939591637
2.4480059576175917,4.980369932343104,9.566256243851157,9.689780355227196,19.32202603957565,12.182985383745235,-20.175250184680607
2.4834840875734745,5.04796549322396,9.261021579271684,9.523810444404656,18.92435668837262,12.085926833165527,-19.6336045739877
2.4788934931629165,5.036450132034234,9.421207449318661,9.575057856696539,19.073545014535078,12.107088285416955,-20.46693381691541
2.465137810394468,5.004467433477169,8.863341605943827,9.607056647212826,19.35993168815581,-13.060577713341345,-18.863256482820077
2.571835074159473,5.202890987963262,10.146699278300586,10.354892227286859,20.611175421761555,12.96979511798683,-21.407118121957435
2.492486542468722,5.057860436079017,10.526446646787903,10.77388463614247,21.45604866245845,13.495573143832667,-21.85566616724244
2.6151445940805695,5.312024759569793,9.66982440068193,10.127082390877577,20.07980167251848,12.968984147831064,-20.35321768090695
2.5363039861719647,5.134326823714815,9.46563861521439,9.580197562254874,19.10366336736623,12.154347745391691,20.402488746167233
2.5198696720395266,5.134375839400712,9.788860488808503,10.130657775054447,20.095971200960555,12.737235996170527,20.88925086116464
2.566244605503014,5.212914964097781,9.612160333968296,10.620535567166838,-20.93408455157629,-13.40018961520045,20.84899526325122
2.5799026698714487,5.21665387925048,10.324481468016206,10.76010161343713,21.331177694320083,13.446093327631585,21.755423973559182
2.5227577015670586,5.119621308936529,9.154173228211883,9.293589940555494,18.51833639931595,11.872944656728603,19.717804461087898
2.518997986803797,5.114443115972422,9.052949221339384,9.90800913173095,20.295588160894614,-13.008693771308547,19.391844965097313
2.517356599565202,5.110765381871117,11.30026757990238,11.164869311847356,22.397787446025806,13.72089681603206,23.794149183121338
2.5410871554400494,5.156925627967539,8.590998535501438,9.34398113244304,18.896979108489347,-12.769805924621675,18.32663496691932
2.615209676313618,5.316932285844099,9.673790710070026,10.667875358450317,-20.921480277130946,-13.414170359394296,21.088217039832795
2.538119339365238,5.142574943092516,9.34295994737053,9.40730512158213,18.782451795825757,11.978596624809308,-20.87560075260273
2.513151610916899,5.116930907562814,9.969751513452369,10.163091871117372,20.238048600195658,12.723156535547936,-20.936541562970266
2.593354973889177,5.249283662009724,10.959438885368842,11.698061434418529,23.034860554516037,14.329868122042107,-23.74633091108228
2.5048158588856526,5.0874299423146505,9.082788319646928,9.454400888137965,18.735916845194144,12.125007939173651,19.34214729213407
2.6354881690356087,5.362562984089599,10.048715268755242,10.364527736536985,20.57159076188368,13.069815074174437,-21.917270602228214
2.524978523572394,5.1261021418611215,11.281280638794986,11.167718832723448,22.392640119342186,13.731106740205385,23.748381478060445
2.5397556435611857,5.1538551024384915,8.591056486464403,9.337397938700487,18.847722273616338,-12.819699559168876,18.319937486147094
2.5692595133229577,5.208387282672676,9.497228750268247,10.482476212695184,-20.57782430965697,-13.175614067491058,-20.679705121141577
2.511376525919725,5.114478745292666,9.89442315926726,10.100199133496323,20.104917878595064,12.659362715835066,-20.834741984207493
2.58130740526782,5.255899086779682,9.400210065787089,9.650858905942023,19.187700332054852,12.334290361784339,19.823726940203933
2.5364391982613648,5.13434039217953,9.417047011957557,9.499349706159414,18.957704395815572,12.067122273657585,-20.528981389518144
2.583214942603057,5.2549466873363695,9.829786888980927,10.07610970879943,20.030396025275284,12.731668139450607,-21.134872920057333
2.5185297089099943,5.113306947691533,12.301669269954555,12.033640607958779,24.21780938336233,14.591481152728832,24.768953308415664
2.5772007958959064,5.203617000528721,9.729765661241734,10.034951750508917,19.92424213148504,12.69917144886467,-20.66872513305232
2.532833199394259,5.139699684154985,8.572795705839532,9.347550078928567,19.08295921199871,-12.578727592255323,18.31392406323502
2.5286279799398166,5.121422436960356,9.012530424865343,9.995858632289448,-19.501017886005872,-12.556627560335256,20.676710704862504
2.526227722214411,5.122190843759692,9.238862440930887,9.380175519121078,18.690921812184364,11.96697529978592,19.814207350654605
2.510991214087323,5.111953325622629,9.957379794588107,10.137428263883086,20.192584058639905,12.694944251027687,-20.912373489893866
2.506341215954924,5.0656007003759775,9.536150117854522,9.677508287982048,19.28454250768632,12.212972377888317,20.796922438606884
2.512027449690445,5.098869200042849,11.757791677125057,11.808372130360155,23.591454202806357,14.360697517357163,26.646269108859293
2.5535303620662106,5.168458154659805,9.461972277651839,9.53358195892816,19.031360010584994,12.118379336871044,-21.714710518835318
2.6257613753934583,5.336322233688436,9.49409244013774,10.536463389846329,-20.617599369626866,-13.262278385106736,-20.842911402303063
2.5307595484106202,5.134514973476115,8.585525342946038,9.436740108568776,-19.096108843846874,-12.302925971094611,18.4591316435611
2.5485387450328663,5.158365049985692,9.787884951066554,9.947721847227283,19.816423520849188,12.52856799008932,-21.007646857043422
2.5877954374710463,5.265992283714868,10.104799373277576,10.981388473006032,-21.818074569938894,-13.875340334190286,21.58948875054536
2.509308905544888,5.110425318868872,9.302626578826215,9.483256564335766,18.879625606526815,12.070230323672781,19.77879990515906
2.5011213729333472,5.066307297146215,8.848235101181867,9.83202763437423,-19.172589909577383,-12.365206175983579,20.52355958924402
2.5041483717098423,5.083470509300028,11.578461593722317,11.734460909960076,23.392591426808664,14.309615695926723,24.44887077274823
2.55654090003444,5.162535971112524,9.390285808643553,9.727935599796298,19.301394679231155,12.412187358311353,-19.884156784435504
2.6149008514419916,5.314219679206788,9.480094539199799,10.538142284451826,-20.55862006377601,-13.211765708400652,-21.19361570382445
2.536862869006597,5.147734404608034,8.601043095273539,9.446408348164795,-19.199004535066802,-12.339567752443651,18.477837678665935
2.5284836107368007,5.121712329291828,9.212397544102798,9.272391721816485,18.5147976965358,11.834238604561659,20.655828963165167
2.5297823961557397,5.125645669051933,9.419791525196572,9.497172455840657,18.955755651380098,12.06434665772997,-20.62148117542682
2.525813451532677,5.142291210133126,9.879722065353132,10.103187947340112,20.09634190351443,12.675054792321887,21.148778755690127
2.53362150279591,5.113688921219548,9.363571459642241,9.614900912738507,19.108776510157465,12.225511771262894,-19.94159839765008
2.5183030281346985,5.115128943940515,8.956227195933591,9.650171166284789,19.236436717384827,13.281400217072871,-19.02217372669001
2.5160727804493033,5.107239202775752,11.472625727019096,11.427111615229585,22.877036569176703,13.98347218419364,24.670197649631405
2.566970953476538,5.2139440310420895,9.2517278459536,10.246063866850305,-20.035888716912282,-12.889347991858685,-20.377464502195515
2.578780184750502,5.226075720799513,9.967796018582117,10.082521580765256,20.10849623498108,12.69791368506289,-21.32065896993726
2.531924290232629,5.137416577827397,8.587107369504901,9.435218325899715,-19.1364913367661,-12.313344137213885,18.45562267895952
2.5321187445529763,5.127077110720199,9.466378817454961,9.59888212756052,19.132752551325158,12.170743976664637,20.253807131918133
2.5678678616953037,5.217204061669977,9.990365241690933,10.120701097575726,20.187800934326315,12.740870838440095,20.818764969217543
2.5100781265967123,5.095003981016203,9.040993973331132,9.655218500891364,19.14111397877534,12.720406984447266,-19.167357959506454
2.5705137746729365,5.199955739537297,10.145391159994077,10.390168206923349,20.658031194145842,12.99074333249753,-22.366034386803594
2.504952296441139,5.08457838151338,11.188239782474202,11.266721471576114,22.49442944142745,13.8249107740928,23.984352290636554
2.6008420214117516,5.28139088345082,9.420323647386187,10.386348103916418,-20.764602390293547,-13.318953352318125,-20.315537174208547
2.5374723538483868,5.1485865681689456,8.600982712773625,9.464948623098252,-19.014778992552344,-12.29303476193786,18.518997542714395
2.552739989856605,5.185295583922243,9.100358714496483,9.831518120553458,19.67059939079196,-14.29053442867773,-19.340378962292736
2.5309154587672182,5.116937388337777,9.794442733659373,9.94893580841677,19.823553369305525,12.519729538737353,20.757157705709616
2.534847526136967,5.159680410273112,9.421715852803429,9.490214629893414,18.948625047775543,12.070593040296805,-19.92162336047399
2.5441527843083964,5.142540131754774,9.420023802036763,9.45461070518146,18.891979280344568,12.028569596297949,-20.705180877802512
2.566396035654064,5.207256479096728,9.561143138274357,9.628006293094915,19.2229548332826,12.232172074731384,-20.604811169711002
2.5080633746457006,5.0908649811812134,11.051140540596588,11.060550386441776,22.116396967053642,13.61247495814007,24.760728962255193
2.6018115503543164,5.2844992158759565,9.435902043877942,10.423684633632938,-20.678857173017324,-13.285778924873885,-20.408402071948824
2.5432073076848596,5.159747303020601,8.621293297060882,9.424704103105581,19.86755096816882,-12.507175519921017,18.448017123371297
2.604440294224199,5.298739411865479,9.492110605085728,9.597854636022664,19.14409679907875,12.267758034864707,20.261737467797655
2.5489092564391513,5.16191474063018,9.446781368337856,9.548406024949674,19.046206716794845,12.132654120902563,20.556500229941943
2.5662315455232485,5.226585279444956,9.411855703430929,9.448050424295982,18.87885664505238,12.061486036248354,-20.08129263278828
2.519184411619294,5.10232946616406,8.945678568837012,9.605414829296388,19.10142185503282,12.945299413400654,-18.978656448263475
2.5446125958584096,5.150962176366675,9.570234984645152,9.635603450863256,19.238548257306608,12.211090941053387,21.20288860138081
2.513550062519654,5.10157923915131,10.95827118807436,11.013219953318927,21.999333620579627,13.573797969163396,23.3845458223131
2.6094426836050495,5.298773411878766,9.462041951697046,10.475964332383292,-20.629797800264907,-13.263707687105043,-20.565857184223596
2.9437737219073696,7.544313516453779,10.96561729874838,13.477768119198698,-25.77233619164431,-17.276453300553932,-25.971967204576604
2.8349654063211807,7.362483210302416,9.756244158804833,12.06479881772026,23.581525375917106,-16.162735425375782,22.98906112235979
2.864481395418369,7.273443456049613,10.088586189145374,11.051466670491834,21.98669316579818,-14.688234041294594,-21.66619083029948
2.8655572286340325,7.969867608397094,9.821060223435687,10.706052786861,20.9866058444719,15.474680490356805,-21.53124887789183
2.8662654345951877,7.512988566539499,11.472499132793258,11.732710991419722,-24.883291118604497,15.511084921256142,-23.33549022552902
2.833148023778176,7.577054569663835,10.11941237463508,11.1749086388206,-22.83382179147876,-14.972900346477779,21.82413602077362
2.901174334548283,7.589110831851094,9.813166759212612,12.10389096300287,-23.10979714316408,16.20658698738987,-23.416269870849707
2.8966125140290857,8.271202018524571,10.204061152695955,12.858389923693217,-24.845500497538048,-17.38759481509701,24.417998450210785
2.8804679533227153,7.390371121991158,10.50651746673704,11.634617156055349,22.93827680437656,-16.14828614960478,-22.79601676369076
2.869417909019961,8.54643499674263,11.708952784236255,12.200642420925957,-24.302216668104943,-16.573266528028263,24.30975886220315
2.944521726748404,7.822437144418638,11.120381421356955,11.342343298008384,22.573972144558276,15.307886571040415,24.029378139636773
2.871551716889043,6.745258602656722,10.197938820621061,11.205916526949455,22.2664879053776,14.784216523494788,-21.954068641779973
2.871752476987756,7.447022934120859,10.013336349278013,12.092485155717405,23.448607996456964,-15.81625438417877,23.207142758082977
2.8607239067595867,7.3607288471405115,10.394010272370938,11.179734870945305,22.20681405532187,15.79921053513684,-22.053834734670872
2.908164439524694,7.541154851367757,9.931716457789486,11.60547111551286,22.415964418564947,-15.387696297619135,22.75195055508392
2.9027063063112237,6.96988250174955,9.80259884888397,11.172085709222193,21.784080409892955,15.107777052150503,21.839307634457455
2.879344375068878,7.3867546854780075,10.918749990393845,11.45131525854826,23.51757083921639,-16.07481073916399,-22.640133076630622
2.8723986456917414,6.928290416158825,10.225962011487495,11.28657119493224,-22.669723153012058,14.854729386416023,-22.05529384142415
2.886019199344404,8.005251359111748,10.09678098417236,13.011287638795933,24.98166599351469,-17.49448802852413,-24.599846967572564
2.8872072021982995,7.856547659699433,10.480367555750677,11.297232456251296,22.684459225464995,-16.44351022828136,22.209086717290933
2.9182862138977566,7.7317791914327,10.05397728914962,12.881103556642005,-24.597279742948448,16.773165673202605,-24.43182208479623
2.917910174474763,7.555205230339403,10.725996437025822,11.212132412733787,23.15860756937641,15.348305461349973,22.18361983865109
2.892879655999667,7.110983150820269,11.371258664859281,12.084919218888745,-24.460451341621418,15.641073467085134,-23.82430924272649
2.922561867477615,7.570111208854067,10.883927569832002,12.192535386211901,23.731856614241906,-15.97760342243662,24.881025228736245
2.8956313943947416,8.035335426201629,10.137481690377236,14.469319347529062,26.84156615827458,18.68482563422491,27.055671169211763
2.9198584721764296,7.766746354623335,10.065389697415835,14.221087916620068,26.982210535335305,-18.301403923542004,26.37732605998789
2.8918852259501953,7.756238399093743,10.528300689895051,11.27752101748513,22.576212006358766,-17.2229539534254,22.218706079573902
2.917731510263579,7.535332213333626,10.843574684090159,11.124443752222232,22.83555786505955,15.053391685894393,22.11622060896057
2.8997743931448063,7.16015929901772,11.094947566271017,12.511881818061948,-24.804404600553028,16.095594170632094,-24.339419893350765
2.9187372970822176,7.925527167403458,9.999830592869953,12.384445904315166,23.675646097249654,16.647986842656774,23.79465912334707
2.9006062564821407,7.932771860985862,10.111278020547084,12.875989662830309,-24.57389264990149,16.88901813653686,-24.477085624729487
2.9074956503244347,8.237674036787439,10.713649102161254,11.626977173193115,-22.992535754917085,-16.399626608576234,22.910733697526624
2.8836032918251404,7.0563472777212,10.234266314373798,12.346120486949616,-23.643396946875644,15.97074177034214,-24.383112510685734
2.919794139156511,7.505929767733575,10.905117788987635,11.09706355419523,22.94083253550055,15.061053272058276,22.102682345997245
2.930180602468177,7.90141845938189,10.03361322301961,12.397497504133593,23.613786742594183,16.380109938454225,24.84898584726236
2.883683300841151,8.123137972348683,9.96049615639933,11.420633712624346,22.14272323640061,15.614048199554475,22.545822722279716
2.8794186573780522,7.487516811687598,10.279538192711717,11.23543668136037,22.21630145113939,15.603839724623775,22.0889790085807
2.891986330098495,7.375192218127549,10.701040926706005,12.548738263539468,-24.227518932122194,16.426619444299774,-24.502635148608856
2.903716932267425,7.674665313885145,10.63494659439404,11.974877169158072,23.335524737454143,15.812222416491668,-23.602371626140126
2.9290896125794808,7.916533101510969,10.032344591329576,12.37263717678518,23.580002398702185,16.34820870857185,-24.401980014370864
2.8866535450612982,7.343622782191405,10.791507152063408,12.432513618680021,-24.113010403159613,16.353682873674053,-24.328442938856288
2.880240599183324,8.092150077052493,9.931204983408826,11.383327031785416,22.05284471033497,15.543033565328155,22.670969569135448
2.878211298742548,7.583198601936654,10.31942516782382,11.098291841637137,22.163165079285754,15.711861727818826,21.854003145514096
2.8878310520021384,8.877482199913155,11.084493260350701,12.194657661549455,24.743347188446172,16.633613534604866,-23.837558549100585
2.92012361260646,7.442155459638655,10.460229233461963,12.297108821300325,24.393287660069007,17.05531238133092,-23.68390305816804
2.8652680213928767,6.838114905597625,10.315062971508109,10.70882559734475,-21.67939331954069,-14.609275383704786,21.248773224903392
2.8353729349351875,6.753323092525782,10.580911756868252,10.062821922997475,-20.442033766615108,13.514879952065641,-20.701860001852264
2.888663910836401,7.700897292910708,9.865515952759925,10.519181075682983,21.354632021105548,14.558257028841112,20.723065020730864
2.821082937298827,7.802573818900661,9.422829675718686,10.860066307822247,21.001545353095462,-15.210236909221964,-22.923851686749888
2.750136567543103,6.521772463796923,9.060550569003297,11.243515955848807,-21.85630821405806,14.814379217731128,21.42326025049166
2.8274309237514883,6.619610309677714,9.320887445379151,11.32178733348429,-21.66693642833846,-14.64440778211136,-22.134903697113838
2.7120100065714055,6.343917906994002,10.643108776933586,11.580675378046362,-22.773515088901718,-14.758073850089161,22.946060493731494
2.840701696740472,7.301202592473136,10.007858943567484,10.229475178670002,22.801856455854445,14.00327303444346,-20.348144927165592
2.8076696453015844,6.659356358606688,9.853204613659027,11.000747671933665,21.64920248036258,-14.841736758574765,-21.524842277492024
2.901863835483416,7.219772165863311,11.295358093678495,11.081622713342929,22.338832728121297,-14.80870758092495,22.553404347196793
2.7000591785351107,6.140789430621661,9.268249229778565,11.025285622202185,-21.32303289870149,-14.133142553084717,-21.322104186344326
2.6748282811468287,6.0776972263551245,9.111893632773912,9.834835870797487,19.490788188220783,-14.749756406401485,19.430776229648707
2.755450474893465,7.047200847882942,10.313933196533212,10.698994448966658,21.26682496096955,-14.327902679840385,-21.509830304545282
2.766487425152294,6.4677328794617,9.05517772330389,10.489988661929708,-20.304537210848828,-14.555247858885133,20.640148416381493
2.8129608800744483,6.590055991673922,9.870160024819972,11.19719024440168,-22.928737647174486,-14.519883542344466,21.73174012958671
2.916647520677075,7.314709915271239,10.945601281851852,11.252209598207964,22.3836110330492,-14.929375617908734,-22.779622687397413
2.7287981299082515,6.783931748555224,9.845421268904566,10.579231800454245,20.81886791790764,14.453200160490598,-21.25528966238168
2.8080392980470377,6.522232310087302,9.310274842147019,10.261188034831026,20.047432444833195,13.583488268350438,21.360506442353415
2.698320907088695,6.117755051826485,8.98926262988061,9.96394393422592,19.663894228721723,13.7761806692346,19.536618977268503
2.754404014943393,6.9665260143965675,10.247208292922853,10.807826376517223,21.540085093849374,-14.502915781512277,21.442503994675008
2.814047413455098,6.628976458387463,9.88502712719077,11.157005179438546,21.893780711530564,-14.47995720739126,21.77843318076692
2.8120545086161246,6.646127548629531,10.075024565006728,10.663350941944845,-21.042953035598927,-14.024314165096225,21.697286332714178
2.723312728675301,6.801341050682782,9.8167983119331,10.613398590718738,21.004461006687823,14.325132606380212,-20.956235183881162
2.8144042902703057,6.528584856740162,9.37733250381035,10.253600995024119,20.07006284997071,13.547634373848789,-21.239007695302888
2.7490507428381896,6.725253268838066,10.280716296113122,10.967157616829128,21.947098503698456,-14.469495266141235,21.63794997389152
2.708258322438491,6.183829096854989,9.036405614898642,9.592735440476138,18.913015423841586,12.774785158798295,19.700234245947048
2.8236622789483894,6.744962572079952,9.859628375661808,11.715125297964551,22.551967495261813,-15.161904219047104,22.847992085199397
2.7683478251947546,6.720076774377212,9.865926691763978,10.549748201070843,21.11145505150241,13.96195559504393,20.80495824727319
2.8123999917385456,6.620316162474759,10.068932652007584,10.710749067399247,-21.106090764347208,-14.074133824995348,21.90149729962535
2.809200423296283,6.509331391410993,9.313311682479073,10.154049379172719,19.887803326383597,13.457935555504962,21.6232472769405
2.7375765172928803,6.488068216952077,9.301069536193673,10.13698445382167,-19.8565759251201,-13.404744448978441,-21.14884793099029
2.757713447027291,6.797541879678327,10.258915355006662,11.034039757894455,22.45267958245477,-14.724769056558877,21.686808107206133
2.8105459502061696,6.696293032747966,9.703827635282245,11.742627947168383,22.656730796557866,-15.103359080890252,22.582349407793835
2.80198960742569,6.590051357499883,9.978582887543595,10.554887339908484,-20.822570634527672,-13.925873679000658,-22.00202792960049
2.7480070731685937,6.679501436817064,10.220651861529168,10.535213612748539,21.184665515460345,13.970160509269359,20.986416652657663
2.735879047531509,6.372213951737878,9.16133530488421,10.004815681773922,-19.592624557780926,-13.21737154317039,20.421044916614193
2.819141143417648,6.459847726618833,9.349678634283965,10.08345891591146,19.80009626312449,13.357508526215199,-21.550365360577256
2.8405184883005514,6.730846541871954,9.638899320071504,10.54372172794785,-20.6761086447015,-13.90976124239623,-21.016827796916793
2.8713514382118035,6.997834110457992,9.259619648015146,11.222106043308495,21.476366187884334,14.742880703069915,-22.07450163325515
2.7843773123618907,6.882438678211741,10.45488721206411,11.047473120241623,21.958151616679174,14.538625852466055,21.94054187332799
2.8220504131869544,6.587510842614814,9.740417912248274,11.309147113135847,22.31614994808912,14.739279005309928,-21.858876840928453
2.8920197760011694,7.085264883447353,9.282009338329786,10.818675150223154,20.99885889678197,14.558696182350255,-21.042383216728897
2.80521370269834,6.572893416527098,10.063051455525569,11.039595825969322,21.734941230988593,14.336440652040654,-21.748127862449458
2.858718164972046,6.761097751996928,9.712242200488019,10.595137478620435,-20.922817109663892,-13.983689799029635,-20.878159511485585
2.8508152107933515,6.650207872909193,9.966662865072129,12.28836947746251,-23.61624494526483,16.40437095151546,-23.525888742399886
